author,content,description,publishedAt,source/id,source/name,title,url,urlToImage
"Elizabeth Yuko","The past few weeks have been a trying time for everyone as we deal with the coronavirus pandemic. But for many people (myself included), some of the most stressful moments have come from discussing COVID-19 with our parents, grandparents and other older relat… [+8960 chars]","The past few weeks have been a trying time for everyone as we deal with the coronavirus pandemic. But for many people (myself included), some of the most stressful moments have come from discussing COVID-19 with our parents, grandparents and other older relat…","2020-03-17T18:30:00Z","","Lifehacker.com","How to Convince Your Parents or Grandparents that the Coronavirus is Dangerous","https://lifehacker.com/how-to-convince-your-parents-or-grandparents-that-the-c-1842358582","https://i.kinja-img.com/gawker-media/image/upload/c_fill,f_auto,fl_progressive,g_center,h_675,pg_1,q_80,w_1200/wckrfwpcxefi176iokpo.png"
"Marc DeAngelis","According to The Verge, the updated veggie meatballs will be made out of apples, oats, peas and potatoes. They'll be available both as an in-restaurant meal and a frozen package to make at home. IKEA hopes that the new taste will be more attractive to meat ea… [+576 chars]","A trip to IKEA isn't complete without a plate of Swedish meatballs. While the company offers a vegetarian version of its iconic meal, the veggie meatballs don't taste much like meat. Joining the trend set by fast food chains like Burger King and KFC, the furn…","2020-02-27T16:46:00Z","engadget","Engadget","IKEA’s new vegetarian meatballs will taste more like meat","https://www.engadget.com/2020/02/27/ikea-vegetarian-meatballs/","https://o.aolcdn.com/images/dims?thumbnail=1200%2C630&quality=80&image_uri=https%3A%2F%2Fo.aolcdn.com%2Fimages%2Fdims%3Fresize%3D2000%252C2000%252Cshrink%26image_uri%3Dhttps%253A%252F%252Fs.yimg.com%252Fos%252Fcreatr-images%252F2020-02%252F008ab370-597f-11ea-b7cb-9cfa73e20bdd%26client%3Da1acac3e1b3290917d92%26signature%3De0336d579c11a38643c4aef76b7ab29a4f57e17b&client=amp-blogside-v2&signature=6054ed648cf1ef48d020eba6f724b09430fe882c"
"Steve Dent","The wheels are pushed well to the corners to maximize space in the interior, which has plenty of the tech you'd expect in a concept EV. Joysticks are used to control it in place of a steering wheel and have buttons that let the driver access various functions… [+1841 chars]","Hyundai has unveiled a new concept EV called the Prophecy with an ultra-aerodynamic profile and joysticks instead of a steering wheel. Meant to be on display at the cancelled Geneva Motor Show, the electric car aims to convey Hyundai's current design style ca…","2020-03-03T07:00:00Z","engadget","Engadget","Hyundai's slippery Prophecy concept EV is controlled by joysticks","https://www.engadget.com/2020/03/03/hyundai-prophecy-concept-electric-car/","https://o.aolcdn.com/images/dims?thumbnail=1200%2C630&quality=80&image_uri=https%3A%2F%2Fo.aolcdn.com%2Fimages%2Fdims%3Fresize%3D2000%252C2000%252Cshrink%26image_uri%3Dhttps%253A%252F%252Fs.yimg.com%252Fos%252Fcreatr-uploaded-images%252F2020-03%252F10f60e40-5cad-11ea-bbff-f6a7613e644c%26client%3Da1acac3e1b3290917d92%26signature%3D687d258a4f7e17fa8fab35d76923f9fab8971957&client=amp-blogside-v2&signature=7ff89ce1f24a4cc4ca65e9b2ab58d91f755a6a75"
"Devindra Hardawar","""This season is based on my belief that we have what it takes to get to a real exciting future,"" Druyan said in an interview with Engadget. ""I base my belief on stories of the courage of our ancestors, the generations of searchers for the truth who have been … [+1911 chars]","In a time where it's easy to feel a bit concerned about the fate of civilization -- take your pick of calamities, really -- National Geographic's Cosmos is like a hope-filled salve. Developed by Ann Druyan, the co-creator of the original show together with he…","2020-03-06T17:30:00Z","engadget","Engadget","‘Cosmos: Possible Worlds’ finds hope for humanity in a hopeless era","https://www.engadget.com/2020/03/06/cosmos-possible-worlds-review/","https://o.aolcdn.com/images/dims?resize=1200%2C630&crop=1200%2C630%2C0%2C0&quality=80&image_uri=https%3A%2F%2Fo.aolcdn.com%2Fimages%2Fdims%3Fcrop%3D1600%252C900%252C0%252C0%26quality%3D85%26format%3Djpg%26resize%3D1600%252C900%26image_uri%3Dhttps%253A%252F%252Fs.yimg.com%252Fos%252Fcreatr-uploaded-images%252F2020-03%252F0a13c8d0-5fcb-11ea-af19-12366f51a842%26client%3Da1acac3e1b3290917d92%26signature%3D5c1d533eeb1643c32b91c016b809ac9be5722797&client=amp-blogside-v2&signature=38d1addb85d3d22cfb4c2ab4ffc96238ab84a000"
"Engadget","Goodbye doesn't mean forever.The gadgets that refuse to die\\n\\nAs Sonos most recently proved, your gadgets weren't meant to live forever. Any Engadget editor will point out his or her drawer or cupboard (or wardrobe) filled with tech from yesteryear. Not every … [+2662 chars]","Hey, good morning! You look fabulous. Amazon is offering faster same-day delivery that could get your order to you in a matter of hours. There will apparently be up to three million items marked ""Today by"" available to order for speedy same-day delivery to Pr…","2020-03-04T12:30:00Z","engadget","Engadget","The Morning After: Amazon's accelerated one-day shipping","https://www.engadget.com/2020/03/04/amazon-one-day-morning-after/","https://o.aolcdn.com/images/dims?thumbnail=1200%2C630&quality=80&image_uri=https%3A%2F%2Fo.aolcdn.com%2Fimages%2Fdims%3Fresize%3D2000%252C2000%252Cshrink%26image_uri%3Dhttps%253A%252F%252Fs.yimg.com%252Fos%252Fcreatr-uploaded-images%252F2020-03%252F132004c0-5e0e-11ea-becd-c4276a41dbcf%26client%3Da1acac3e1b3290917d92%26signature%3D85a381fe47bfa5b29bb090bc4ab5ea1768009969&client=amp-blogside-v2&signature=6d04f9936d288ba0bbfee372122ef23fdefdc77e"
"Gilad Edelman","For a brief moment there, it looked as though the coronavirus pandemic might escape the muck of partisanship. \\n\\nIts true that Donald Trump, wary of a recession during a reelection year, had first tried to talk the virus into submission. His counterfactual ins… [+4389 chars]","First deny the problem, then say the solution is too expensive? The playbook here is all too familiar.","2020-03-25T18:59:54Z","wired","Wired","The Analogy Between Covid-19 and Climate Change Is Eerily Precise","https://www.wired.com/story/the-analogy-between-covid-19-and-climate-change-is-eerily-precise/","https://media.wired.com/photos/5e7ba5188283f9000a41518c/191:100/w_1280,c_limit/Ideas-COVID-Climat-1207216812.jpg"
"Yessenia Funes on Earther, shared by Brian Kahn to Gizmodo","The world is warming. Thatsnosecret. Extreme heat isnt only dangerous for our physical health, though. New research shows hotter days may hurt our mental health as well.\\n\\nA study published Wednesday in the journal PLOS One adds to a growingbodyof literature s… [+5109 chars]","The world is warming. That’s no secret. Extreme heat isn’t only dangerous for our physical health, though. New research shows hotter days may hurt our mental health as well. Read more...","2020-03-26T16:40:00Z","","Gizmodo.com","Hotter Days May Leave You More Stressed, Depressed","https://earther.gizmodo.com/hotter-days-may-leave-you-more-stressed-depressed-1842509864","https://i.kinja-img.com/gawker-media/image/upload/c_fill,f_auto,fl_progressive,g_center,h_675,pg_1,q_80,w_1200/k3jn8rikqg7tygevgxpl.jpg"
"Dharna Noor on Earther, shared by Brian Kahn to Gizmodo","As both the coronavirus pandemic and the climate crisis provoke your anxieties, its important to remember all of the worlds wonderful possibilities. Which is why I present you: the impacts of nuclear war.\\n\\nA large-scale nuclear war is a nightmarish scenario t… [+4521 chars]","As both the coronavirus pandemic and the climate crisis provoke your anxieties, it’s important to remember all of the world’s wonderful possibilities. Which is why I present you: the impacts of nuclear war. Read more...","2020-03-16T19:05:00Z","","Gizmodo.com","Even a Relatively Small Nuclear War Would Cause Global Famine","https://earther.gizmodo.com/even-a-relatively-small-nuclear-war-would-cause-global-1842361610","https://i.kinja-img.com/gawker-media/image/upload/c_fill,f_auto,fl_progressive,g_center,h_675,pg_1,q_80,w_1200/ha2wcjah8swtaipozc9i.jpg"
"Dharna Noor on Earther, shared by Kaitlyn Jakola to Gizmodo","In the 1930s, manufacturers began using chlorofluorocarbonsgreenhouse gases made up of carbon, chlorine, and fluorineas refrigerants for air conditioners, aerosol sprays, refrigerators, freezers, and more. The problem is, those chemicals depleted the ozone la… [+2974 chars]","In the 1930s, manufacturers began using chlorofluorocarbons—greenhouse gases made up of carbon, chlorine, and fluorine—as refrigerants for air conditioners, aerosol sprays, refrigerators, freezers, and more. The problem is, those chemicals depleted the ozone …","2020-03-17T16:40:00Z","","Gizmodo.com","Old Air Conditioners and Refrigerators Are Keeping Us From Healing the Ozone Hole","https://earther.gizmodo.com/old-air-conditioners-and-refrigerators-are-keeping-us-f-1842379660","https://i.kinja-img.com/gawker-media/image/upload/c_fill,f_auto,fl_progressive,g_center,h_675,pg_1,q_80,w_1200/gzy3ldn7c1q07no4xxuk.jpg"
"Yessenia Funes on Earther, shared by Brian Kahn to Gizmodo","The worsening global crisis wrought by COVID-19 is leading to canceled international negotiations and wasteful ghost flights. And now its projected to lead to the first drop in oil demand in more than a decade.\\n\\nThe International Energy Agencys (IEA) updated … [+4286 chars]","The worsening global crisis wrought by COVID-19 is leading to canceled international negotiations and wasteful “ghost” flights. And now it’s projected to lead to the first drop in oil demand in more than a decade. Read more...","2020-03-09T16:02:00Z","","Gizmodo.com","Yearly Oil Demand Is Now Projected to Drop for the First Time in a Decade Due to COVID-19","https://earther.gizmodo.com/yearly-oil-demand-is-now-projected-to-drop-for-the-firs-1842211458","https://i.kinja-img.com/gawker-media/image/upload/c_fill,f_auto,fl_progressive,g_center,h_675,pg_1,q_80,w_1200/ot53phqjnes0grngf9ep.jpg"
"Yessenia Funes on Earther, shared by Brian Kahn to Gizmodo","The most recent Australian bushfire season from hell is one for the record books. And a new analysis published Wednesday shows all the ways humans made it worse, and its clearer than ever that climate change left its mark all over this disaster.\\n\\nThe findings… [+3222 chars]","The most recent Australian bushfire season from hell is one for the record books. And a new analysis published Wednesday shows all the ways humans made it worse, and it’s clearer than ever that climate change left its mark all over this disaster. Read more...","2020-03-04T18:40:00Z","","Gizmodo.com","We Now Know How Much Climate Change Contributed to Australia's Disastrous Bushfires","https://earther.gizmodo.com/we-now-know-how-much-climate-change-contributed-to-aust-1842090462","https://i.kinja-img.com/gawker-media/image/upload/c_fill,f_auto,fl_progressive,g_center,h_675,pg_1,q_80,w_1200/iarxg3unlsxqdueynj9m.jpg"
"Dharna Noor on Earther, shared by Brian Kahn to Gizmodo","On Wednesday, the Senate approved a $2 trillion covid-19 stimulus package. It could spell disaster for the climate.\\n\\nDemocrats failed to win the inclusion of tax credits for renewable energy or rules forcing airlines cut their greenhouse gas emissions. And th… [+2597 chars]","On Wednesday, the Senate approved a $2 trillion covid-19 stimulus package. It could spell disaster for the climate. Read more...","2020-03-26T16:58:00Z","","Gizmodo.com","How Fossil Fuel Companies Could Profit From the Covid-19 Stimulus Package","https://earther.gizmodo.com/how-fossil-fuel-companies-could-profit-from-the-covid-1-1842510430","https://i.kinja-img.com/gawker-media/image/upload/c_fill,f_auto,fl_progressive,g_center,h_675,pg_1,q_80,w_1200/xovbogsdfko7bppgyqmf.jpg"
"George Dvorsky on Earther, shared by Brian Kahn to Gizmodo","An individual involved with an international expedition to study the effects of climate change in the Arctic has tested positive for the coronavirus, in a development that could interrupt this important science mission.\\n\\nA team member of the expedition known … [+3959 chars]","An individual involved with an international expedition to study the effects of climate change in the Arctic has tested positive for the coronavirus, in a development that could interrupt this important science mission. Read more...","2020-03-11T21:36:00Z","","Gizmodo.com","Ice-Locked Arctic Science Expedition Faces Challenges After Team Member Tests Positive for COVID-19","https://earther.gizmodo.com/ice-locked-arctic-science-expedition-faces-challenges-a-1842275015","https://i.kinja-img.com/gawker-media/image/upload/c_fill,f_auto,fl_progressive,g_center,h_675,pg_1,q_80,w_1200/rxyajittipp7p3nqgh7s.jpg"
"Yessenia Funes on Earther, shared by Brian Kahn to Gizmodo","The first major Senate energy package in over a decade may not survive because a few Republicans are trying to block regulations on hydrofluorocarbons (HFCs), a potent greenhouse gas that can be found in air conditioners or refrigerators. \\n\\nSenators Lisa Murk… [+2378 chars]","The first major Senate energy package in over a decade may not survive because a few Republicans are trying to block regulations on hydrofluorocarbons (HFCs), a potent greenhouse gas that can be found in air conditioners or refrigerators. Read more...","2020-03-10T21:20:00Z","","Gizmodo.com","A Few Republicans Threaten to Derail a Giant Senate Energy Bill Over Air Conditioner Emissions","https://earther.gizmodo.com/a-few-republicans-threaten-to-derail-a-giant-senate-ene-1842245865","https://i.kinja-img.com/gawker-media/image/upload/c_fill,f_auto,fl_progressive,g_center,h_675,pg_1,q_80,w_1200/bg1bohnvqqn7mms0eysj.jpg"
"Dharna Noor on Earther, shared by Brian Kahn to Gizmodo","The U.S. government definitely has its priorities in order. Apparently, its considering using the coronavirus outbreak as an excuse to pour money into fossil fuel companies.\\n\\nThe Washington Post reports that the Trump administration is considering kicking mon… [+2933 chars]","The U.S. government definitely has its priorities in order. Apparently, it’s considering using the coronavirus outbreak as an excuse to pour money into fossil fuel companies. Read more...","2020-03-10T20:47:00Z","","Gizmodo.com","A Fracking Bailout Is A Terrible Idea","https://earther.gizmodo.com/a-fracking-bailout-is-a-terrible-idea-1842246263","https://i.kinja-img.com/gawker-media/image/upload/c_fill,f_auto,fl_progressive,g_center,h_675,pg_1,q_80,w_1200/bqx2t8ef3qxseto1t4zh.jpg"
"Yessenia Funes on Earther, shared by Brian Kahn to Gizmodo","As hopeless as solving the climate crisis can feel, solutions exist today. Realistic ones that wouldnt be costly. In fact, theyd make us richer than if we continue to ignore the risks of the crisis. \\n\\nA group of researchers compiled the 76 best ones on a list… [+4144 chars]","As hopeless as solving the climate crisis can feel, solutions exist today. Realistic ones that wouldn’t be costly. In fact, they’d make us richer than if we continue to ignore the risks of the crisis. Read more...","2020-03-03T21:40:00Z","","Gizmodo.com","New Report Lays Out 76 Solutions We Already Have to Fight the Climate Crisis","https://earther.gizmodo.com/new-report-lays-out-76-solutions-we-already-have-to-fig-1842064686","https://i.kinja-img.com/gawker-media/image/upload/c_fill,f_auto,fl_progressive,g_center,h_675,pg_1,q_80,w_1200/mfm2nrsylsvzwvzbm1wm.jpg"
"Tom McKay","The latest news from the White House on the ongoing spread of the novel coronavirus, which the Centers for Disease Control has warned is likely to hit the U.S. imminently, is not very reassuring: Vice President Mike Pence, whose poor epidemiological instincts… [+5727 chars]","The latest news from the White House on the ongoing spread of the novel coronavirus, which the Centers for Disease Control has warned is likely to hit the U.S. imminently, is not very reassuring: Vice President Mike Pence, whose poor epidemiological instincts…","2020-02-27T01:20:00Z","","Gizmodo.com","Trump: Don't Worry, We're Putting Mike Pence on This Coronavirus Thing","https://gizmodo.com/trump-dont-worry-were-putting-mike-pence-on-this-coro-1841943196","https://i.kinja-img.com/gawker-media/image/upload/c_fill,f_auto,fl_progressive,g_center,h_675,pg_1,q_80,w_1200/ahyw3v8sbc1htk6iaedc.jpg"
"Jocelyn Timperley on Earther, shared by Brian Kahn to Gizmodo","The United Nations official aviation body begins three weeks of talks this week. The International Civil Aviation Organization (ICAO) council meeting will discuss all manner of aviation-related topics, from coronavirus to unannounced missile launches. But it … [+11219 chars]","The United Nations’ official aviation body begins three weeks of talks this week. The International Civil Aviation Organization (ICAO) council meeting will discuss all manner of aviation-related topics, from coronavirus to unannounced missile launches. But it…","2020-03-05T16:39:00Z","","Gizmodo.com","How the UN's Shady Aviation Organization Could Upend a Key Effort to Combat Climate Change","https://earther.gizmodo.com/how-the-uns-shady-aviation-organization-could-upend-a-k-1842119869","https://i.kinja-img.com/gawker-media/image/upload/c_fill,f_auto,fl_progressive,g_center,h_675,pg_1,q_80,w_1200/pcxs8zlneujoaeqveowy.jpg"
"Dharna Noor on Earther, shared by Brian Kahn to Gizmodo","The European Commissions released its long-awaited climate law proposal in Brussels on Wednesday. It would commit the 27 nations in the EU to become carbon neutral by 2050. To pass, the law needs the approval of the European Parliament and the EUs 27 member s… [+4075 chars]","The European Commission’s released its long-awaited climate law proposal in Brussels on Wednesday. It would commit the 27 nations in the EU to become carbon neutral by 2050. To pass, the law needs the approval of the European Parliament and the EU’s 27 member…","2020-03-04T19:38:00Z","","Gizmodo.com","The Huge Holes in the EU's New Climate Law Proposal","https://earther.gizmodo.com/the-huge-holes-in-the-eus-new-climate-law-proposal-1842093077","https://i.kinja-img.com/gawker-media/image/upload/c_fill,f_auto,fl_progressive,g_center,h_675,pg_1,q_80,w_1200/nuganf0pau1yspuboyya.jpg"
"Niko Vorobyov on Earther, shared by Brian Kahn to Gizmodo","The dark, rocky face of the Dois Irmãos Mountain rises over the rainforest and through the clouds, overlooking the largest slum in Latin America. A young man emerges from around the corner of an alleyway to meet me with a handgun tucked under his arm; the loc… [+13416 chars]","The dark, rocky face of the Dois Irmãos Mountain rises over the rainforest and through the clouds, overlooking the largest slum in Latin America. A young man emerges from around the corner of an alleyway to meet me with a handgun tucked under his arm; the loc…","2020-02-26T16:30:00Z","","Gizmodo.com","Brazil Is Cracking Down on Climate Migrants While Worsening the Climate Crisis","https://earther.gizmodo.com/brazil-is-cracking-down-on-climate-migrants-while-worse-1841796897","https://i.kinja-img.com/gawker-media/image/upload/c_fill,f_auto,fl_progressive,g_center,h_675,pg_1,q_80,w_1200/lkrj51nuubckgkvr680d.gif"
"Amy Brady on Earther, shared by Brian Kahn to Gizmodo","Growing up in the Norwegian Arcticone of the coldest places on Earthjournalist Bjørn Vassnes became fascinated with the natural sciences. Today, he pens a science column for one of Norways most popular daily newspapers and hosts the television science program… [+7542 chars]","Growing up in the Norwegian Arctic—one of the coldest places on Earth—journalist Bjørn Vassnes became fascinated with the natural sciences. Today, he pens a science column for one of Norway’s most popular daily newspapers and hosts the television science prog…","2020-03-24T15:07:00Z","","Gizmodo.com","Kingdom of Frost Explores How Frozen Landscapes Shaped Humanity","https://earther.gizmodo.com/kingdom-of-frost-explores-how-frozen-landscapes-shaped-1842470580","https://i.kinja-img.com/gawker-media/image/upload/c_fill,f_auto,fl_progressive,g_center,h_675,pg_1,q_80,w_1200/y63vx5wuyomvs8zmymnq.jpg"
"Bryan Menegus","Sick DaysWelcome to Sick Days, a collection of stories from readers on how the current covid-19 health crisis is changing the way they work and the futures they can expect in these uncertain times.\\n\\nThis is the first edition of Sick Days, a new series documen… [+16622 chars]","Read more...","2020-03-19T17:30:00Z","","Gizmodo.com","Sick Days: Stories From People Keeping the World Running","https://gizmodo.com/sick-days-stories-from-people-keeping-the-world-runnin-1842410993","https://i.kinja-img.com/gawker-media/image/upload/c_fill,f_auto,fl_progressive,g_center,h_675,pg_1,q_80,w_1200/eqbricapqkizzvpfcexr.png"
"Mark Stetson","Your planet has warmed up by nearly 2 degrees Fahrenheit, or just over 1 degree Celsius, since the late 1800s. Were on track to warm Earth by around another 3.5 degrees Fahrenheit this century.","Your planet has warmed up by nearly 2 degrees Fahrenheit, or just over 1 degree Celsius, since the late 1800s. We’re on track to warm Earth by around another 3.5 degrees Fahrenheit this century. Read more... More about Science, Mashable Video, Environment, Gl…","2020-03-05T17:53:19Z","mashable","Mashable","Even the 'optimistic' climate change forecast is catastrophic","https://mashable.com/video/catastrophic-climate-change/","https://mondrian.mashable.com/2020%252F03%252F05%252Fe9%252Fcbd806c7b7874b5c923e49be0e864b58.b2993.png%252F1200x630.png?signature=ouCehFPsl3bjhzgTuNyc_xoqPCk="
"Mark Kaufman","Some 80 million passengers fly through London's Heathrow Airport each year, but to boost its capacity by another 50 million, the airport seeks to add a third runway. This could make Heathrow, by far, the busiest airport on Earth.\\n\\nBut three UK judges on Thurs… [+4529 chars]","Some 80 million passengers fly through London's Heathrow Airport each year, but to boost its capacity by another 50 million, the airport seeks to add a third runway. This could make Heathrow, by far, the busiest airport on Earth. But three UK judges on Thursd…","2020-02-27T18:38:06Z","mashable","Mashable","Major new airport runway nixed because of the warming planet","https://mashable.com/article/heathrow-airport-runway-blocked-climate-change/","https://mondrian.mashable.com/2020%252F02%252F27%252Ff4%252F3b8420030cd547809f054795adba0770.47b84.jpg%252F1200x630.jpg?signature=OVMOABCJuHSOsdnpPdVhaud9nOs="
"Mark Kaufman","The greatest masses of ice on Earth, in Antarctica and Greenland, aren't just melting this melt is accelerating. \\n\\nHow much ice are these critical polar regions losing into the oceans? NASA uses satellites to diligently measure the conditions of these colossa… [+2601 chars]","The greatest masses of ice on Earth, in Antarctica and Greenland, aren't just melting — this melt is accelerating. How much ice are these critical polar regions losing into the oceans? NASA uses satellites to diligently measure the conditions of these colossa…","2020-03-13T16:16:17Z","mashable","Mashable","NASA sticks a colossal ice block in NYC in new video","https://mashable.com/article/antarctica-greenland-melting-gigatonne-ice/","https://mondrian.mashable.com/2020%252F03%252F13%252F9b%252F990df7c1ddf44aa5aa054327a488e00e.5a7a5.png%252F1200x630.png?signature=EDu7gD6QEPaL038oqXBPdwkRpZQ="
"Mark Kaufman","Some 8,000 miles from the elegantly carpeted U.S. Capitol in Washington, D.C., lies an eerie, dark, underwater place a place that threatens to redraw maps all over the globe. This realm, found under a nearly 2,000-foot-thick slab of ice in Antarctica, is wher… [+10537 chars]","Some 8,000 miles from the elegantly carpeted U.S. Capitol in Washington, D.C., lies an eerie, dark, underwater place — a place that threatens to redraw maps all over the globe. This realm, found under a nearly 2,000-foot-thick slab of ice in Antarctica, is wh…","2020-02-27T11:00:00Z","mashable","Mashable","What, exactly, does Congress understand about the world's most threatening glacier?","https://mashable.com/article/thwaites-glacier-what-congress-knows/","https://mondrian.mashable.com/2020%252F02%252F27%252F5f%252F6a940845d3334d70886e33192cda458a.62790.jpg%252F1200x630.jpg?signature=LmuFMCn5UoNb_UrWfwSFhvddCJ0="
"Mark Kaufman","The surge in New York City's coronavirus infections is already so critical that the chief medical officer at a major hospital system warned staff of the grim reality: ""...there will be loss, and suffering, and at times perhaps each of us will question our wil… [+5255 chars]","The surge in New York City's coronavirus infections is already so critical that the chief medical officer at a major hospital system warned staff of the grim reality: ""...there will be loss, and suffering, and at times perhaps each of us will question our wil…","2020-03-26T10:00:00Z","mashable","Mashable","Coronavirus won’t make a dent in the climate problem","https://mashable.com/article/coronavirus-carbon-emissions-climate/","https://mondrian.mashable.com/2020%252F03%252F25%252F0e%252Fdb8018a4267440d4bc5cf595f339ad2d.6e162.png%252F1200x630.png?signature=NEnoq-JJ3SrEDVKf15bfyiwKO0A="
"https://www.facebook.com/bbcnews","Image copyrightGetty ImagesImage caption\\n\\n Greta Thunberg accused the EU of ""pretending"" to tackle climate change\\n\\nSwedish teen activist Greta Thunberg has rebuked the EU's plan for tackling climate change, telling MEPs it amounts to ""surrender"".\\n\\nMs Thunberg… [+2963 chars]","Addressing MEPs in Brussels, the activist accused the EU of ""pretending to be a climate leader"".","2020-03-04T17:35:44Z","bbc-news","BBC News","Greta Thunberg brands EU's new climate law 'surrender'","https://www.bbc.co.uk/news/world-europe-51736134","https://ichef.bbci.co.uk/news/1024/branded_news/16C27/production/_111132239_060429446-1.jpg"
"Chandelis Duster, CNN","Washington (CNN)An Interior Department official pushed misleading information about climate change into the agency's reports, according to The New York Times, at a time when the Trump administration has rolled back environmental protection regulations and rep… [+2106 chars]","An Interior Department official pushed misleading information about climate change into the agency's reports, according to The New York Times, at a time when the Trump administration has rolled back environmental protection regulations and repeatedly downplay…","2020-03-02T15:38:24Z","cnn","CNN","NYT: Interior official pushes misleading information on climate crisis in reports","https://www.cnn.com/2020/03/02/politics/interior-official-climate-change/index.html","https://cdn.cnn.com/cnnnext/dam/assets/181011133844-department-of-interior-seal-super-tease.jpg"
"https://www.facebook.com/bbcnews","Image copyrightSterling CaviarImage caption\\n\\n More caviar might have to come from farmed sturgeon\\n\\nOverfishing has depleted numbers of wild fish, and fish farms meet much of the growing demand. Could we one day be eating ""fish"" grown from cells in a factory, … [+5170 chars]","Start-ups are growing fish ""meat"" in labs and say it will be competitive with fish from the sea.","2020-03-24T01:38:07Z","bbc-news","BBC News","Could synthetic fish be a better catch of the day?","https://www.bbc.co.uk/news/business-51657573","https://ichef.bbci.co.uk/news/1024/branded_news/6C86/production/_111128772_wilton_loading_fish.jpg"
"Scott K. Johnson","2 with 2 posters participating\\n\\nA paper published last June was catnip for those who are desperate to explain climate change with anything but human-caused greenhouse gas emissions. It was also apparently wrong enough to be retracted this week by the journal … [+6106 chars]","It turns out the Earth is also subject to gravity, which was a problem.","2020-03-06T17:58:49Z","ars-technica","Ars Technica","Paper that claimed the Sun caused global warming gets retracted","https://arstechnica.com/science/2020/03/paper-that-claimed-the-sun-caused-global-warming-gets-retracted/","https://cdn.arstechnica.net/wp-content/uploads/2020/03/nasa_386_SunEmitsSolsticeFlare1200w-760x380.jpg"
"Jennifer Ouellette","Enlarge/ Widely known and revered in southeast Asia as the ""king of fruits"", the durian is distinctive for its large size, strong odor (often compared to rotten onions, raw sewage, or turpentine), and formidable thorn-covered husk\\n\\n0 with 0 posters participat… [+5280 chars]","Durian and jackfruit make better, cheaper aerogels for super-capacitors","2020-03-07T20:00:30Z","ars-technica","Ars Technica","Super-stinky durian fruit could charge your cell phone someday","https://arstechnica.com/science/2020/03/super-stinky-durian-fruit-could-charge-your-cell-phone-someday/","https://cdn.arstechnica.net/wp-content/uploads/2020/03/durianTOP-760x380.jpg"
"Eric M. Johnson","SEATTLE (Reuters) - Boeing Co (BA.N) plans to restart 737 MAX production by May, ending a months-long halt triggered by a safety ban on its best-selling jet after fatal crashes, people familiar with the matter said on Tuesday. \\n\\nBoeing’s planning hinges on th… [+2137 chars]","Boeing Co plans to restart 737 MAX production by May, ending a months-long halt triggered by a safety ban on its best-selling jet after fatal crashes, people familiar with the matter said on Tuesday.","2020-03-25T00:06:20Z","reuters","Reuters","Exclusive: Boeing plans 737 MAX production restart by May - sources","https://www.reuters.com/article/us-boeing-737max-production-exclusive-idUSKBN21C005","https://s2.reutersmedia.net/resources/r/?m=02&d=20200325&t=2&i=1507761086&w=1200&r=LYNXMPEG2O004"
"Isabella Gomez Sarmiento","Students at Pole Pressure in Washington, D.C. combine strength, flexibility and creativity to learn routines in class.\\n\\nKisha Ravi/NPR\\n\\nIt's Friday afternoon, and 12 people are gathered in a pole dancing class in Washington, D.C. They start warming up in fron… [+4858 chars]","The International Pole Sports Federation is working to get pole dancing permanently recognized as a sport. Advocates say it combines strength, flexibility, creativity and a whole lot of training.","2020-03-12T13:01:20Z","","Npr.org","Pole Dancing Made It To The Super Bowl. Now It Wants Another Stage: The Olympics","https://www.npr.org/2020/03/12/813961406/pole-dancing-made-it-to-the-super-bowl-now-it-wants-another-stage-the-olympics","https://media.npr.org/assets/img/2020/03/10/_dsc0195_wide-d9cf3566f5fa25098cdea196d7e9f59831b2808b.jpg?s=1400"
"Nathan Rott","Karen Ford (left) and Lane Murraya stock rescued koalas with fresh eucalyptus branches. Ford has been collecting the branches on her property, which suffered fire damage.\\n\\nNathan Rott/NPR\\n\\nIn the back corner of a burned lot in Australia's fire-ravaged South C… [+7920 chars]","After devastating fires, there are signs of regrowth across much of eastern Australia. But there's also concern that a changing climate may alter some of the country's unique landscapes forever.","2020-03-14T11:00:32Z","","Npr.org","Australia's Fire-Ravaged Forests are Recovering. Ecologists Hope It Lasts","https://www.npr.org/2020/03/14/810152967/australias-fire-ravaged-forests-are-recovering-ecologists-hope-it-lasts","https://media.npr.org/assets/img/2020/03/13/australia-rott-1_wide-b122a4ea164c478d86710f206ab196e50c8ad736.jpg?s=1400"
"Brian Kateman","February\\n\\n26, 2020\\n\\n8 min read\\n\\nOpinions expressed by Entrepreneur contributors are their own.\\n\\nThe U.S. is seeing incredible technological innovation in the plant-based food industry. The quality of products, and their likeness to animal-based meat, continue… [+8694 chars]","While the U.S. is seeing a huge appetite for plant-based meat and cutting-edge innovation, the rest of the world is also waking up to peoples' demand for a healthier, more sustainable way of living and eating.","2020-02-26T21:00:00Z","","Entrepreneur.com","Plant-based Meat Has Officially Reached 'Global Phenomenon' Status","https://www.entrepreneur.com/article/346116","https://assets.entrepreneur.com/content/3x2/2000/20200225215842-GettyImages-1181103851.jpeg"
"David Wallace-Wells, contact@ted.com (TED)","","The climate crisis is too vast and complicated to solve with a silver bullet, says author David Wallace-Wells. What we need is a shift in how we live. Follow along as he lays out some of the dramatic actions we could take to build a livable, prosperous world …","2020-03-13T19:09:40Z","","Ted.com","How we could change the planet's climate future | David Wallace-Wells","https://www.ted.com/talks/david_wallace_wells_how_we_could_change_the_planet_s_climate_future","https://pi.tedcdn.com/r/talkstar-photos.s3.amazonaws.com/uploads/e767b59e-5512-446d-9708-1bc449ef8206/DavidWallace-Wells_2019S-embed.jpg?c=1050%2C550&w=1050"
"Lou Shipley","Teslas recent breakout market performance is proving some of its \\n\\n skeptics wrong.By mid-January, Teslas market capitalization had reached $107 billion, and it surged past the giant German automaker Volkswagen to become the worlds second most valuable auto c… [+5625 chars]","It’s ushering in the age of the software car.","2020-02-28T15:30:55Z","","Hbr.org","How Tesla Sets Itself Apart","https://hbr.org/2020/02/how-tesla-sets-itself-apart","https://hbr.org/resources/images/article_assets/2020/02/hbrtesladesign3.jpg"
"","(Bloomberg) — Diplomacy can fix large-scale harm done to the planet by industrial pollution. \\n\\nThat’s the conclusion of new research published today in the journal Nature showing how skies above the Southern Hemisphere have recovered since a 1987 treaty banne… [+3366 chars]","Southern Skies Benefit from a Rare Climate-Diplomacy Success Financial Post Global efforts on ozone help reverse southern jet stream damage The Guardian International ozone treaty stops changes in Southern Hemisphere winds Phys.org View Full coverage on Googl…","2020-03-25T16:16:00Z","financial-post","Financial Post","Southern Skies Benefit from a Rare Climate-Diplomacy Success - Financial Post","https://business.financialpost.com/pmn/business-pmn/southern-skies-benefit-from-a-rare-climate-diplomacy-success","https://secure.gravatar.com/blavatar/b4ece3189893389a03f063830eacd95c?s=200&ts=1585160729"
"Jordan Davidson","The Great Barrier Reef, a natural wonder that once teemed with life, just experienced a major coral bleaching event, according to scientists who conducted aerial surveys over hundreds of individual reefs, as The Guardian reported. \\n\\nAccording to NBC News, the… [+2942 chars]","Great Barrier Reef Has Third Major Bleaching Event in Five Years EcoWatch Great Barrier Reef Hit By Mass Bleaching, Climate Council Says Bloomberg The Great Barrier Reef likely just experienced its most widespread bleaching event on record CNN View Full cover…","2020-03-25T19:55:00Z","","Ecowatch.com","Great Barrier Reef Has Third Major Bleaching Event in Five Years - EcoWatch","https://www.ecowatch.com/coral-bleaching-great-barrier-reef-2645576557.html","https://assets.rebelmouse.io/eyJhbGciOiJIUzI1NiIsInR5cCI6IkpXVCJ9.eyJpbWFnZSI6Imh0dHBzOi8vYXNzZXRzLnJibC5tcy8yMjg5NzAyNi9vcmlnaW4uanBnIiwiZXhwaXJlc19hdCI6MTYzNDc1MTQ0NX0.z1Q74PB6motdzWt3pB8jAuW08_a8zd0wo3_7bjWaIWE/img.jpg?width=1200&coordinates=0%2C66%2C0%2C67&height=600"
"Joel Achenbach","The cause was complications from a fall, said a son, George Dyson.\\n\\nMr. Dyson, born in England between the world wars, spent most of his professional life as a kind of genius-in-residence at the Institute for Advanced Study in Princeton, overlapping in his ea… [+10716 chars]","Freeman Dyson, a visionary and renaissance physicist, dies at 96 The Washington Post The man behind the sphere, Freeman Dyson, is dead at 96 Ars Technica Freeman Dyson, legendary theoretical physicist, dies at 96 National Geographic Freeman Dyson, famed physi…","2020-02-28T18:48:00Z","the-washington-post","The Washington Post","Freeman Dyson, a visionary and renaissance physicist, dies at 96 - The Washington Post","https://www.washingtonpost.com/local/obituaries/freeman-dyson-a-visionary-and-renaissance-physicist-dies-at-96/2020/02/28/0ba462e0-5a58-11ea-ab68-101ecfec2532_story.html","https://www.washingtonpost.com/resizer/laop_913Jove4TQNiAxhmApyfhA=/1440x0/smart/arc-anglerfish-washpost-prod-washpost.s3.amazonaws.com/public/P2IJR3S2LII6VDX5B6IEXXMAK4.jpg"
"","NASA's new three-dimensional portrait of methane concentrations shows the world's second largest contributor to greenhouse warming, the diversity of sources on the ground, and the behavior of the gas as it moves through the atmosphere. Combining multiple data… [+6898 chars]","New 3D View of Methane Tracks Sources Lab Manager Magazine","2020-03-24T13:41:15Z","","Labmanager.com","New 3D View of Methane Tracks Sources - Lab Manager Magazine","https://www.labmanager.com/news/new-3d-view-of-methane-tracks-sources-22093","https://lmg-labmanager.s3.amazonaws.com/assets/articleNo/22093/aImg/40907/new-3d-view-of-methane-tracks-sources-and-movement-m.jpg"
"Hannah Knowles","Astronomers expect mini-moon sightings to grow far more common as a new, giant telescope going up in Chile starts scanning the sky. Its an exciting prospect for scientists interested in someday sending a spacecraft to study one of the rocks and maybe even bri… [+3816 chars]","Earth’s new ‘mini-moon’ is leaving soon. But it’ll be back. The Washington Post The 9@9: Southtown business owner to rebuild after fire; 'Mini moon' orbiting around Earth KSAT 12 Earth's New Mini-Moon Captured in Color Image Gizmodo Earth’s got a new ‘moon’ –…","2020-02-28T21:45:00Z","the-washington-post","The Washington Post","Earth’s new ‘mini-moon’ is leaving soon. But it’ll be back. - The Washington Post","https://www.washingtonpost.com/science/2020/02/28/mini-moon-2020-cd3/","https://www.washingtonpost.com/resizer/6i8JpWFfBBB7OvsEQspgFX2tgto=/1440x0/smart/arc-anglerfish-washpost-prod-washpost.s3.amazonaws.com/public/QCYTQ5JSAFAUXDVN2BZCV7UTGI.gif"
"","Good morning,\\n\\nThese are the top stories:\\n\\nCoastal GasLink estimates $115-million in payments to elected Wetsuweten band councils\\n\\nStory continues below advertisement\\n\\nThe company projected that its B.C. pipeline project would pump $115-million during a 25-ye… [+8384 chars]","Morning Update: Coastal GasLink estimates $115-million in payments to elected Wet’suwet’en band councils The Globe and Mail Three-week Quebec rail blockade voluntarily dismantled, protesters move camp away from train tracks National Post As Quebec rail blocka…","2020-03-06T11:52:25Z","the-globe-and-mail","The Globe And Mail","Morning Update: Coastal GasLink estimates $115-million in payments to elected Wet’suwet’en band councils - The Globe and Mail","https://www.theglobeandmail.com/canada/article-morning-update-coastal-gaslink-estimates-115-million-in-payments-to/","https://www.theglobeandmail.com/resizer/jg-2SyXuCPHZgUU_ZQYZ8IBOnDQ=/1200x0/filters:quality(80)/arc-anglerfish-tgam-prod-tgam.s3.amazonaws.com/public/TMORCC6H7VHZBO6JBJPQMQ3RQY.JPG"
"Heather Alexandra","2016s Doom reimagined the classic shooter into a frantic but modern mold. The bloody escapades of the Doom Slayer were rife with bullets and guts. It was a grimy video game hamburger. Doom Eternal is bigger and bloodier, almost to the point of excess. Its the… [+19358 chars]","2016’s Doom reimagined the classic shooter into a frantic but modern mold. The bloody escapades of the Doom Slayer were rife with bullets and guts. It was a grimy video game hamburger. Doom Eternal is bigger and bloodier, almost to the point of excess. It’s t…","2020-03-24T15:30:00Z","","Kotaku.com","Doom Eternal: The Kotaku Review","https://kotaku.com/doom-eternal-the-kotaku-review-1842471145","https://i.kinja-img.com/gawker-media/image/upload/c_fill,f_auto,fl_progressive,g_center,h_675,pg_1,q_80,w_1200/izxcva4tobordgfsbarc.jpg"
"Mark Frauenfelder","(I originally reviewed this in 2008, but thought it was worth reposting, for obvious reasons. -- MF) In World Made By Hand (2008) by James Howard Kunstler, the population of the United States (and most likely, the world) has been decimated by an energy shorta… [+2925 chars]","(I originally reviewed this in 2008, but thought it was worth reposting, for obvious reasons. -- MF) In World Made By Hand (2008) by James Howard Kunstler, the population of the United States (and most likely, the world) has been decimated by an energy shorta…","2020-03-23T21:33:45Z","","Boingboing.net","World Made By Hand is a post-pandemic world novel","https://boingboing.net/2020/03/23/world-made-by-hand-b.html","https://i2.wp.com/media.boingboing.net/wp-content/uploads/2020/03/Untitled-1-2.jpg?fit=680%2C486&ssl=1"
"Kyle Wiggers","FairShake (formerly Radvocate) is a startup that taps automation and human review to expedite settling consumer disputes with companies. It helps deliver legal notices to companies and, if necessary, bring the claims to consumer arbitration. And three years a… [+2985 chars]","FairShake, a startup developing a platform that automates consumer dispute filings, has raised $3 million as it prepares to relaunch and rebrand.","2020-03-03T15:00:26Z","","Venturebeat.com","FairShake raises $3 million to automate consumer dispute filings","https://venturebeat.com/2020/03/03/fairshake-raises-3-million-to-automate-consumer-dispute-filings/","https://venturebeat.com/wp-content/uploads/2020/02/0-1-e1582309980464.jpeg?w=1200&strip=all"
"Evan Meagher","Over the past five years, Ive worked at two startups in what is now being called the climate tech sector (See #1). Given the recent surge in interest in this space, I thought it would be worthwhile to record a handful of lessons that Ive learned from this exp… [+10487 chars]","Over the past five years, I’ve worked at two startups in what is now being called the climate tech sector (See #1). Given the recent surge in interest in this space, I thought it would be worthwhile to record a handful of lessons that I’ve learned from this e…","2020-03-20T13:14:44Z","the-next-web","The Next Web","6 things I learned from working in climate tech startups","https://thenextweb.com/?p=1279852","https://img-cdn.tnwcdn.com/image/tnw?filter_last=1&fit=1280%2C640&url=https%3A%2F%2Fcdn0.tnwcdn.com%2Fwp-content%2Fblogs.dir%2F1%2Ffiles%2F2020%2F03%2Fclimate-tech.png&signature=5cdf66349f1cf19270de17da05830166"
"Adele Peters","An important thing to realize for anyone thinking about the climate crisis is that things are not hopeless. In fact, the solutions the world needs to tackle climate change already exist. A new report from the nonprofit Project Drawdown analyzed the potential … [+5782 chars]","Onshore wind power, utility-scale solar power, reduced food waste: These are just the first three of Project Drawdown’s plan to end the climate crisis with existing technologies. An important thing to realize for anyone thinking about the climate crisis is th…","2020-03-03T00:01:15Z","","Fastcompany.com","These are the 76 climate solutions we need to scale up right now to have a chance","https://www.fastcompany.com/90470151/these-are-the-76-climate-solutions-we-need-to-scale-up-right-now-to-have-a-chance?partner=feedburner&utm_source=feedburner&utm_medium=feed&utm_campaign=Feed%3A+fastcompany%2Fheadlines+%28Fast+Company%29","https://images.fastcompany.net/image/upload/w_1280,f_auto,q_auto,fl_lossy/wp-cms/uploads/2020/02/p-1-90470151-these-are-the-76-climate-solutions-we-need-to-scale-up.jpg"
"Ainsley Harris","From a distance, the Lenten display in the chancel of St. John United Lutheran Church in Seattle looks similar to displays installed by churches around the world in the weeks leading up to Easter Sunday. Sunlight streams through stained glass windows. A gothi… [+10624 chars]","The biblical mandate of “creation care” is taking on new urgency as the planet warms. From a distance, the Lenten display in the chancel of St. John United Lutheran Church in Seattle looks similar to displays installed by churches around the world in the week…","2020-03-23T06:00:22Z","","Fastcompany.com","Meet the Christians giving up carbon for Lent","https://www.fastcompany.com/90468537/meet-the-christians-giving-up-carbon-for-lent","https://images.fastcompany.net/image/upload/w_1280,f_auto,q_auto,fl_lossy/wp-cms/uploads/2020/03/p-1-90468537-meet-the-christians-giving-up-carbon-and-single-use-plastic-for-lent.jpg"
"Kristin Toussaint","With the demand for flights drastically down amid the coronavirus outbreak, the airline industry is reeling. Avoiding air travel is top of mind for most of the public, and that means revenue losses—of up to $113 billion, according to the International Air Tra… [+5566 chars]","Even without ghost flights—empty planes that help an airline hold onto flight slots—the coronavirus highlights the environmental impact of the aviation industry. With the demand for flights drastically down amid the coronavirus outbreak, the airline industry …","2020-03-11T16:00:25Z","","Fastcompany.com","Airlines will stop coronavirus ‘ghost flights’—now we need to rethink the future of flying","https://www.fastcompany.com/90476154/airlines-will-stop-coronavirus-ghost-flights-now-we-need-to-rethink-the-future-of-flying?partner=feedburner&utm_source=feedburner&utm_medium=feed&utm_campaign=Feed%3A+fastcompany%2Fheadlines+%28Fast+Company%29","https://images.fastcompany.net/image/upload/w_1280,f_auto,q_auto,fl_lossy/wp-cms/uploads/2020/03/p-1-90476154-airlines-will-stop-coronavirus-and8216ghost-flightsand8217now-we-need-to-rethink-the-future-of-flying.jpg"
"Chris Impey","Science gets a lot of respect these days. Unfortunately, it’s also getting a lot of competition from misinformation. Seven in 10 Americans think the benefits from science outweigh the harms, and nine in 10 think science and technology will create more opportu… [+6276 chars]","Many Americans have holes in their understanding of basic science—making them particularly susceptible to misinformation. Science gets a lot of respect these days. Unfortunately, it’s also getting a lot of competition from misinformation. Seven in 10 American…","2020-03-14T09:00:03Z","","Fastcompany.com","Why people are so easily fooled by conspiracy theories they read online","https://www.fastcompany.com/90474525/why-people-are-so-easily-fooled-by-conspiracy-theories-they-read-online","https://images.fastcompany.net/image/upload/w_1280,f_auto,q_auto,fl_lossy/wp-cms/uploads/2020/03/p-1-tabloids-fake-science.jpg"
"Marcus Baram","The recovery from the financial crisis was reportedly in full swing, with unemployment on the decline and the economy seemingly on the mend. The advance of digital culture was hurtling forward, shortening attention spans and leading print book sales to plumme… [+14711 chars]","The French economist, whose first “Capital” book in 2014 became a surprise bestseller with its deep analysis of income inequality over the centuries, is back—and this time offering solutions to the complex problem in his new book, “Capital and Ideology.” The …","2020-03-14T13:48:59Z","","Fastcompany.com","Thomas Piketty explains why the world is ripe for ‘participatory socialism’","https://www.fastcompany.com/90476804/thomas-piketty-explains-why-the-world-is-ripe-for-participatory-socialism","https://images.fastcompany.net/image/upload/w_1280,f_auto,q_auto,fl_lossy/wp-cms/uploads/2020/03/p-1-90476804-thomas-piketty-explains-why-the-world-is-ripe-for-and8216participatory-socialismand8217.png"
"By Jennifer Hiller and Ron Bousso","By Jennifer Hiller and Ron Bousso\\n\\nNEW YORK/LONDON (Reuters) - Exxon and Chevron boasted to investors this week about booming U.S. oil production, illustrating how the gap has widened - at least in words - between top American oil and gas companies and their … [+4217 chars]","NEW YORK/LONDON (Reuters) - Exxon and Chevron boasted to investors this week about booming U.S. oil production, illustrating how the gap has widened - at least in words - between top American oil and gas companies and their European rivals over efforts to tra…","2020-03-05T18:25:02Z","","Yahoo.com","U.S. oil boom vs Europe's renewables focus? Big Oil's gap widens -- in words","https://news.yahoo.com/u-oil-boom-vs-europes-182502023.html","https://s.yimg.com/ny/api/res/1.2/4iJS9agY4HPI0DKT8VALFg--/YXBwaWQ9aGlnaGxhbmRlcjt3PTEyODA7aD04NTIuOA--/https://s.yimg.com/uu/api/res/1.2/HOfpWQRv4oHDSAat.pB1DQ--~B/aD01MzM7dz04MDA7c209MTthcHBpZD15dGFjaHlvbg--/https://media.zenfs.com/en-US/reuters.com/f8b315031088f2460a78323ca18f9125"
"FRANK JORDANS / AP","(BERLIN) — Scientists say that half of the world’s sandy beaches could disappear by the end of the century if climate change continues unchecked.\\n\\nResearchers at the European Union’s Joint Research Center in Ispra, Italy, used satellite images to track the wa… [+3233 chars]","Scientists say that half of the world's sandy beaches could disappear by the end of the century if climate change continues unchecked.","2020-03-02T18:02:13Z","time","Time","Rising Sea Levels, Coastal Erosion: New Report Says Half the World’s Sandy Beaches at Risk From Climate Change By 2100","https://time.com/5793668/sandy-beaches-climate-change/","https://api.time.com/wp-content/uploads/2020/03/climate-change-sand-beach.jpg?quality=85&w=1200&h=628&crop=1"
"Justin Worland","The rise of Bernie Sanders as the Democratic Party’s presidential frontrunner has shaken up politicians and pundits surprised that an avowedly left-wing candidate is beating more traditional rivals. These political insiders have speculated about a wide range … [+4754 chars]","The rise of Bernie Sanders as the Democratic Party’s presidential frontrunner has shaken up politicians and pundits surprised that an avowedly left-wing candidate is beating more traditional rivals. These political insiders have speculated about a wide range …","2020-03-02T17:10:01Z","time","Time","How Climate Change Helped Fuel Bernie Sanders’s Rise to the Top of the Polls","https://time.com/5793592/bernie-sanders-climate-change-polls/","https://api.time.com/wp-content/uploads/2020/02/bernie-sanders-aoc-climate-change.jpg?quality=85&w=1024&h=628&crop=1"
"Ian Bremmer","For a war that’s supposedly been won, Syria continues to bleed refugees at an alarming rate. Idlib, a city in the country’s northwest, is the final rebel holdout that keeps Bashar al-Assad—and his Russian backers—from complete victory in his country’s nine-ye… [+7277 chars]","For a war that’s supposedly been won, Syria continues to bleed refugees at an alarming rate. Idlib, a city in the country’s northwest, is the final rebel holdout that keeps Bashar al-Assad—and his Russian backers—from complete victory in his country’s nine-ye…","2020-03-08T21:02:09Z","time","Time","What Happens Next with Europe’s Latest Refugee Crisis","https://time.com/5798139/what-happens-next-with-europes-latest-refugee-crisis/","https://api.time.com/wp-content/uploads/2020/03/turkey-syria-border-conflict.jpg?quality=85&w=1024&h=628&crop=1"
"Thom Dunn","In an interview with Ellen Degeneres, NBA player Dwyane Wade discussed how he and his wife support and empower their teenaged child Zaya. [YouTube]\\n\\nMore than 40 years ago, Eric McMillan, a renowned designer of children’s play areas, and his team created the … [+1548 chars]","At least some things in the world are still adorable. From RTÉ : The Kelly's have four boys who are just one day shy of their fifth birthday. Now they have been gifted an early birthday present of quad lambs. Quadruplet brothers in Co Offaly have met recent a…","2020-02-28T12:40:14Z","","Boingboing.net","Quadruplet human kids get quadruplet lamb kids for their birthday","https://boingboing.net/2020/02/28/quadruplet-human-kids-get-quad.html","https://i2.wp.com/media.boingboing.net/wp-content/uploads/2020/02/nature-grass-meadow-view-animal-cute-1242531-pxhere.com_.jpg?fit=1200%2C829&ssl=1"
"David Pescovitz","The principal of Lafayette Elementary School in Washington DC has apologized after a fifth grade lesson on the Civil War and Reconstruction had some children of color role-playing “a person of color drinking from a segregated water fountain and an enslaved pe… [+1878 chars]","Yale psychology professor Laurie Santos's course “Psychology and the Good Life"" is the most popular class in the history of the university. Now it's available for anyone to take for free remotely through Coursera. The public online version of the class is cal…","2020-03-24T18:41:34Z","","Boingboing.net","Yale University's hugely popular ""Science of Well Being"" happiness class is now free online","https://boingboing.net/2020/03/24/yale-universitys-hugely-popu.html","https://i2.wp.com/media.boingboing.net/wp-content/uploads/2020/03/Mr-400x400-1.jpg?fit=400%2C400&ssl=1"
"Ed Mazza","President Donald Trump announced on Wednesday that Vice President Mike Pence would lead the White House task force on COVID-19, the deadly new coronavirus infection spreading around the world. But critics are pointing out that Pence’s track record on health a… [+382 chars]","The vice president has no medical experience -- and that's not the only problem.","2020-02-27T07:26:44Z","","Huffpost.com","Trump Ripped For Putting ‘Science-Denier’ Pence In Charge Of Coronavirus","https://www.huffpost.com/entry/trump-pence-coronavirus_n_5e574261c5b66622ed768d31","https://img.huffingtonpost.com/asset/5e575b50230000250c0bf3ce.jpeg?cache=hZmxqAcBG5&ops=1200_630"
"Mary Papenfuss","Sen. Ted Cruz (R-Texas) tried to denigrate Democratic Rep. Alexandria Ocasio-Cortez’s scientific knowledge Friday after she slammed President Donald Trump for putting Vice President Mike Pence in charge of protecting the nation from the new coronavirus. The N… [+1366 chars]","Rep. Alexandria Ocasio-Cortez and the Texas senator go at it over Mike Pence's selection as leader of battle against the spreading coronavirus.","2020-02-29T02:53:30Z","","Huffpost.com","Ted Cruz Mocks AOC’s Science Chops; She Reminds Him He Doesn’t Believe In Evolution","https://www.huffpost.com/entry/alexandria-ocasio-cortez-ted-cruz-mike-pence-evoution-coronavirus_n_5e59b67ac5b601022110d0d3","https://img.huffingtonpost.com/asset/5e59ba942300005d0d0bf5e8.jpeg?cache=Zj0PWhZgzX&ops=1200_630"
"Emily Peck","It shouldn’t take a global epidemic to make people realize that paid sick leave is a critical economic policy, but here we are.  \\n\\nAs coronavirus sweeps through the country, the fact that the U.S. is one of only a few developed countries that does not guarant… [+5600 chars]","Too bad it took the massive coronavirus outbreak to get (almost) everyone on board.","2020-03-11T15:34:47Z","","Huffpost.com","Finally, Everyone Understands Why Paid Sick Leave Is Necessary","https://www.huffpost.com/entry/paid-sick-leave-coronavirus-covid-19_n_5e68f415c5b6670e730215e9","https://img.huffingtonpost.com/asset/5e68f596230000c21a0c0f02.jpeg?ops=1200_630"
"Hobbins, M., Barsugli, J.","","As the beating heart of the American Southwest, the Colorado River (CR) serves ∼40 million people from Denver to Los Angeles and supports 16 million jobs in a $1.4 trillion regional economy ([ 1 ][1]). Most of the river's streamflow originates as snowpack in …","2020-03-12T17:40:40Z","","Sciencemag.org","Threatening the vigor of the Colorado River","https://science.sciencemag.org/content/367/6483/1192.full","https://science.sciencemag.org/content/367/6483/F1.medium.gif"
"USA TODAY, Doyle Rice, USA TODAY","Story Highlights\\n\\n<ul><li>If the current melting trend continues, the regions will be on track to match the ""worst-case"" scenario.</li><li>All total, Greenland and Antarctica have lost 6.4 trillion tons of ice since the 1990s.</li><li>""Every centimeter of sea… [+2707 chars]","Greenland and Antarctica have lost 6.4 trillion tons of ice in the past three decades, accelerating sea-level rise around the world.","2020-03-16T19:23:10Z","usa-today","USA Today","Greenland and Antarctica are now melting six times faster than in the 1990s, accelerating sea-level rise","https://www.usatoday.com/story/news/world/2020/03/16/climate-change-greenland-antarctica-melting-6-times-faster-than-90-s/5060236002/","https://www.gannett-cdn.com/presto/2020/03/16/USAT/f5ad756b-c836-42d0-a6cc-cce346f99b04-greenland20200316-16.jpg?crop=1394,785,x0,y0&width=1600&height=800&fit=bounds"
"Chris Ciaccia","Almost half of the world's sandy beaches could be gone by 2100 if climate change continues as is, according to a new study published on Monday.\\n\\nThe research, published in the scientific journal Nature Climate Change, forecasts that coastlines, which are dens… [+4108 chars]","Almost half of the world's sandy beaches could be gone by 2100 if climate change continues as is, according to a new study published on Monday.","2020-03-02T17:49:42Z","fox-news","Fox News","Half of world’s beaches will disappear by 2100 because of climate change, experts say","https://www.foxnews.com/science/half-worlds-beaches-disappear-by-2100-climate-change","https://static.foxnews.com/foxnews.com/content/uploads/2020/03/climate-change-beach-3.jpg"
"Julia Musto","The world's tropical forests are losing their capacity to absorb carbon dioxide, according to a new environmental study, raising alarms about the prospect of accelerating climate breakdown.\\n\\nThe study, which was published Wednesday in the scientific journal N… [+4285 chars]","A new study is reporting that the world's tropical forests are losing their capacity to absorb carbon dioxide (C02), raising alarms about the prospect of accelerating increasing climate breakdown.","2020-03-07T13:56:23Z","fox-news","Fox News","Tropical forests losing their ability to absorb carbon: study","https://www.foxnews.com/science/tropical-forests-losing-ability-absorb-carbon","https://static.foxnews.com/foxnews.com/content/uploads/2019/08/AP19235667684088.jpg"
"","In the Review What would it take for renewably powered electrosynthesis to displace petrochemical processes?, a stoichiometry error led to incorrect values for CO2 emitted per kilogram of product for ethylene and ethanol. The correct values are now used: 1.57… [+2951 chars]","In the Review “[What would it take for renewably powered electrosynthesis to displace petrochemical processes?][1],” a stoichiometry error led to incorrect values for CO2 emitted per kilogram of product for ethylene and ethanol. The correct values are now use…","2020-03-05T18:39:33Z","","Sciencemag.org","Erratum for the Review: ""What would it take for renewably powered electrosynthesis to displace petrochemical processes?"" by P. De Luna, C. Hahn, D. Higgins, S. A. Jaffer, T. F. Jaramillo, E. H. Sargent","https://science.sciencemag.org/content/367/6482/eabb0992.full","https://science.sciencemag.org/sites/default/files/highwire/sci/367/6482.cover-source.gif"
"Masanet, E., Shehabi, A., Lei, N., Smith, S., Koomey, J.","","Data centers represent the information backbone of an increasingly digitalized world. Demand for their services has been rising rapidly ([ 1 ][1]), and data-intensive technologies such as artificial intelligence, smart and connected energy systems, distribute…","2020-02-27T18:39:43Z","","Sciencemag.org","Recalibrating global data center energy-use estimates","https://science.sciencemag.org/content/367/6481/984.full","https://science.sciencemag.org/content/367/6481/F1.medium.gif"
"Grundy, W. M., Bird, M. K., Britt, D. T., Cook, J. C., Cruikshank, D. P., Howett, C. J. A., Krijt, S., Linscott, I. R., Olkin, C. B., Parker, A. H., Protopapa, S., Ruaud, M., Umurhan, O. M., Young, L. A., Dalle Ore, C. M., Kavelaars, J. J., Keane, J. T., Pendleton, Y. J., Porter, S. B., Scipioni, F., Spencer, J. R., Stern, S. A., Verbiscer, A. J., Weaver, H. A., Binzel, R. P., Buie, M. W., Buratti, B. J., Cheng, A., Earle, A. M., Elliott, H. A., Gabasova, L., Gladstone, G. R., Hill, M. E., Horanyi, M., Jennings, D. E., Lunsford, A. W., McComas, D. J., McKinnon, W. B., McNutt, R. L., Moore, J. M., Parker, J. W., Quirico, E., Reuter, D. C., Schenk, P. M., Schmitt, B., Showalter, M. R., Singer, K. N., Weigle, G. E., Zangari, A. M.","Structured Abstract\\n\\nAbstract\\n\\nThe outer Solar System object (486958) Arrokoth (provisional designation 2014 MU69) has been largely undisturbed since its formation. We studied its surface composition using data collected by the New Horizons spacecraft. Methan… [+46261 chars]","The New Horizons spacecraft flew past the Kuiper Belt object (486958) Arrokoth (also known as 2014 MU69) in January 2019. Because of the great distance to the outer Solar System and limited bandwidth, it will take until late 2020 to downlink all the spacecraf…","2020-02-27T18:39:44Z","","Sciencemag.org","Color, composition, and thermal environment of Kuiper Belt object (486958) Arrokoth","https://science.sciencemag.org/content/367/6481/eaay3705.full","https://science.sciencemag.org/content/367/6481/F1.medium.gif"
"Beth Elderkin","Game designer Elizabeth Hargrave helped jumpstart a tabletop revolution with Wingspan, an environmental board game about creating habitats for birds. Her upcoming release, Mariposas, has players guiding monarch butterflies on their migration. But theres somet… [+10927 chars]","Game designer Elizabeth Hargrave helped jumpstart a tabletop revolution with Wingspan, an environmental board game about creating habitats for birds. Her upcoming release, Mariposas, has players guiding monarch butterflies on their migration. But there’s some…","2020-02-26T21:00:00Z","","Gizmodo.com","Why It's Hard, But Not Impossible, to Make a Board Game About Climate Change","https://io9.gizmodo.com/why-its-hard-but-not-impossible-to-make-a-board-game-1841703774","https://i.kinja-img.com/gawker-media/image/upload/c_fill,f_auto,fl_progressive,g_center,h_675,pg_1,q_80,w_1200/ttackkaengtmzyv3xcrf.png"
"https://www.facebook.com/bbcnews","Image copyrightReutersImage caption\\n\\n Researchers say climate change is behind the longer summers\\n\\nAustralia's summers have become twice as long as its winters amid increasing temperatures driven by climate change, according to new weather data analysis.\\n\\nThe… [+2208 chars]","New weather data analysis says climate change has led to major increases in summer temperatures.","2020-03-01T20:23:56Z","bbc-news","BBC News","Climate change: Australian summers 'twice as long as winters'","https://www.bbc.co.uk/news/world-australia-51697803","https://ichef.bbci.co.uk/news/1024/branded_news/24A3/production/_111097390_c586d1d5-bfb5-41bb-957e-1895844e6bb8.jpg"
"Contributors to Wikimedia projects","A global catastrophic risk is a hypothetical future event which could damage human well-being on a global scale,[2] even endangering or destroying modern civilization.[3] An event that could cause human extinction or permanently and drastically curtail humani… [+78416 chars]","Comments","2020-03-25T00:14:14Z","","Wikipedia.org","Global Catastrophic Risk","https://en.wikipedia.org/wiki/Global_catastrophic_risk","https://upload.wikimedia.org/wikipedia/commons/c/cb/Impact_event.jpg"
"","New York / Geneva, 10 March 2020 - The tell-tale physical signs of climate change such as increasing land and ocean heat, accelerating sea level rise and melting ice are highlighted in a new report compiled by the World Meteorological Organization and an exte… [+16474 chars]","The tell-tale physical signs of climate change such as increasing land and ocean heat, accelerating sea level rise and melting ice are highlighted in a new report compiled by the World Meteorological Organization and an extensive network of partners. It docum…","2020-03-12T18:58:01Z","","Wmo.int","Planet is 'way off track' in dealing with climate change, U.N. report says","https://public.wmo.int/en/media/press-release/multi-agency-report-highlights-increasing-signs-and-impacts-of-climate-change",""
"Miguel Trancozo Trevino","As the guardians of the wells and suppliers of the water, it also gave the women in the community a certain degree of status and autonomy, but at the same time, with the situation of global warming and climate change, the amount of water available for the com… [+1641 chars]","In chronically dry regions around the world, communities are finding ways to live from the water suspended in the air – creating valuable drinking water from mist.","2020-03-01T09:25:44Z","","Bbc.com","The ethereal art of fog-catching","https://www.bbc.com/future/article/20200221-how-fog-can-solve-water-shortage-from-climate-change-in-peru","https://ichef.bbci.co.uk/wwfeatures/live/624_351/images/live/p0/84/7p/p0847pq9.jpg"
"Contributors to Wikimedia projects","Freeman John DysonFRS (15 December 1923 28 February 2020) was an American theoretical physicist and mathematician, of British origin, known for his work in quantum electrodynamics, solid-state physics, astronomy and nuclear engineering.[7][8] He is professor … [+50317 chars]","Comments","2020-02-28T17:25:08Z","","Wikipedia.org","Freeman Dyson Has Died","https://en.wikipedia.org/wiki/Freeman_Dyson","https://upload.wikimedia.org/wikipedia/commons/0/03/Freeman_Dyson_%282005%29.jpg"
"Contributors to Wikimedia projects","The Doomsday Clock is a symbol that represents the likelihood of a man-made global catastrophe. Maintained since 1947 by the members of the Bulletin of the Atomic Scientists,[1] the Clock is a metaphor for threats to humanity from unchecked scientific and tec… [+26628 chars]","Comments","2020-03-04T19:12:14Z","","Wikipedia.org","Doomsday Clock at the shortest distance to midnight ever","https://en.wikipedia.org/wiki/Doomsday_Clock",""
"Natalie Wolchover","Editor's Note: An original version of this article, written by Natalie Wolchover, appeared on Live Science Oct. 26, 2012. An updated version by Live Science staff was republished on May 30, 2017.\\n\\nMembers of the Flat Earth Society claim to believe the Earth i… [+10228 chars]","Comments","2020-03-23T09:25:34Z","","Livescience.com","Are Flat Earthers Being Serious?","https://www.livescience.com/24310-flat-earth-belief.html","https://cdn.mos.cms.futurecdn.net/A48entFsWFbCRXNzXThyrL-1200-80.jpg"
"Contributors to Wikimedia projects","A wicked problem is a problem that is difficult or impossible to solve because of incomplete, contradictory, and changing requirements that are often difficult to recognize. It refers to an idea or problem that can not be fixed, where there is no single solut… [+23236 chars]","Comments","2020-03-02T22:27:57Z","","Wikipedia.org","Wicked problem","https://en.wikipedia.org/wiki/Wicked_problem",""
"Jason Jacobs","Todays guest is David Heinemeier Hansson (aka @DHH), Co-Founder &amp; CTO of Basecamp, an online collaboration tool. \\n\\nDavid is a prominent figure in the tech industry and a polymath whose writings and opinions have touched upon a range of subjects, including… [+57392 chars]","Today’s guest is David Heinemeier Hansson (aka @DHH), Co-Founder &amp; CTO of Basecamp, an online collaboration tool.    David is a prominent figure in the tech industry and a polymath whose writings and opinions have touched upon a range of subjects, includi…","2020-02-27T11:42:36Z","","Myclimatejourney.co","DHH on climate change and “taking the red pill”","https://www.myclimatejourney.co/episodes/david-heinemeier-hansson","http://static1.squarespace.com/static/5ca65ab377b9030e46ce0156/t/5e5048e32772ef171f954c8a/1582319850750/DHH%2BPhoto.jpg?format=1500w"
"","Freeman Dyson the world-renowned mathematical physicist who helped found quantum electrodynamics with the bongo-playing, Nobel Prize-winning physicist Richard Feynman and others, devised numerous mathematical techniques, led the team that designed a low-power… [+15267 chars]","A conversation with the mathematical physicist Freeman Dyson on quantum electrodynamics, climate change and his latest pet project.","2020-02-28T18:27:58Z","","Quantamagazine.org","Freeman Dyson: A ‘Rebel’ Without a PhD","https://www.quantamagazine.org/a-math-puzzle-worthy-of-freeman-dyson-20140326/","https://d2r55xnwy6nx47.cloudfront.net/uploads/2014/03/dyson_landing.jpg"
"","I first met Jimbo Wales, the face of Wikipedia, when he came to speak at Stanford. Wales told us about Wikipedia’s history, technology, and culture, but one thing he said stands out. “The idea that a lot of people have of Wikipedia,” he noted, “is that it’s s… [+66783 chars]","Comments","2020-03-03T06:18:50Z","","Aaronsw.com","Who Writes Wikipedia?","http://www.aaronsw.com/weblog/whowriteswikipedia.html",""
"Maddie Stone, Jordan Pearson","The Great Barrier Reef, the largest living structure on the planet, appears to be on the brink of yet another devastating mass bleaching event driven by prolonged exposure to extreme heat.\\n\\n Between 2016 and 2017, half of all corals on the Great Barrier Reef … [+4399 chars]","Forecasts for the largest living structure on Earth have become ""devastating,"" scientists say, and the coral carnage will be even more widespread than the last mass bleaching in 2016-2017.","2020-03-04T16:06:41Z","vice-news","Vice News","The Great Barrier Reef Is Heading for a Mass Die-Off of Unprecedented Scale","https://www.vice.com/en_us/article/y3mxmg/great-barrier-reef-coral-bleaching-2020","https://video-images.vice.com/test-uploads/articles/5e5fcb04a8b206009b8aa173/lede/1583337779185-GettyImages-694750716.jpeg?crop=1xw:0.8604xh;0xw,0.0443xh&resize=1200:*"
"Becky Ferreira, Jordan Pearson","On Christmas Eve, 1968, the astronauts aboard NASAs Apollo 8 spacecraft became the first humans to behold the entirety of Earth with their own eyes. That day, crew member Bill Anders took an iconic photograph called Earthrise'' that captured our home world em… [+16284 chars]","New high-resolution satellites, AIs, and data tools are going to let us study Earth, and ourselves, in greater detail than ever before. That's going to come with ""unthinkable"" problems.","2020-03-16T12:00:00Z","vice-news","Vice News","New Earth Surveillance Tech Is About to Change Everything, Including Us","https://www.vice.com/en_us/article/wxebk5/new-earth-surveillance-tech-is-about-to-change-everything-including-us","https://video-images.vice.com/test-uploads/articles/5e6be6a453b759009d3d0cab/lede/1584129766813-3_12_2020_geospatial_tech_cv.jpeg?crop=1xw:1xh;center,center&resize=1200:*"
"Chelsea Harvey, E&E News","President Trump assured the American public that the onset of warmer weather could halt the spread of the coronavirus. But experts caution there's no evidence to support that idea.\\n\\nHis assertion raises new questions about the role temperatures have on infect… [+9261 chars]","Scientists expect to see changes in the timing, location and severity of disease outbreaks as global temperatures rise -- Read more on ScientificAmerican.com","2020-03-09T20:00:00Z","","Scientificamerican.com","What Could Warming Mean for Pathogens Like Coronavirus?","https://www.scientificamerican.com/article/what-could-warming-mean-for-pathogens-like-coronavirus/","https://static.scientificamerican.com/sciam/cache/file/DA67D949-C678-4021-9BA5F5B00C81E42A.jpg"
"Andrea Thompson","It was only last week that the massive wildfires that, in January, began tearing through the national park near Australia’s capital city of Canberra were finally declared out. In the intervening weeks they consumed more than 80 percent of the park. This is ju… [+5911 chars]","Such an extreme fire season is at least 30 percent more likely because of global warming, a new analysis finds -- Read more on ScientificAmerican.com","2020-03-04T20:45:00Z","","Scientificamerican.com","Yes, Climate Change Did Influence Australia's Unprecedented Bushfires","https://www.scientificamerican.com/article/yes-climate-change-did-influence-australias-unprecedented-bushfires/","https://static.scientificamerican.com/sciam/cache/file/9775A8FB-E31C-4667-B665FBAAFF2C30B3.jpg"
"Chelsea Harvey, E&E News","Small levels of global warming can increase the likelihood of extreme events, new research warns. That’s prompting scientists to question how accurately disasters in the recent past can be used to predict extreme events today.\\n\\nA study published Wednesday in … [+4727 chars]","The likelihood of extreme events today is being underestimated, new research suggests -- Read more on ScientificAmerican.com","2020-03-20T16:30:00Z","","Scientificamerican.com","In Just 10 Years, Warming Has Increased the Odds of Disasters","https://www.scientificamerican.com/article/in-just-10-years-warming-has-increased-the-odds-of-disasters/","https://static.scientificamerican.com/sciam/cache/file/EB8D4682-D993-4634-A6A4BF67759DD5BC.jpg"
"Andrea Thompson","When Christiana Figueres took the reins of the United Nations’ international climate negotiations in 2010, hopes were not high that the world would come together to forge an agreement to tackle global warming—especially after talks had fallen apart in Copenha… [+10711 chars]","It is possible for the world to cut emissions enough to limit warming to 1.5 degrees Celsius. But tenacious belief will be needed to achieve that goal -- Read more on ScientificAmerican.com","2020-03-24T10:45:00Z","","Scientificamerican.com","Paris Climate Agreement Architects Make a Case for ""Stubborn Optimism""","https://www.scientificamerican.com/article/paris-climate-agreement-architects-make-a-case-for-stubborn-optimism/","https://static.scientificamerican.com/sciam/cache/file/E51EB0C6-C77E-446C-A7A3342A120538BD.jpg"
"John Fialka, E&E News","Solar energy appears to be heading toward a global growth spurt, due to a combination of new technology and expanding reach to consumers as it becomes more competitive with the cost of traditional energy sources.\\n\\nOne sign of the potential of new technology c… [+3963 chars]","Solar panels floating in reservoirs and other water bodies could meet substantial energy demand -- Read more on ScientificAmerican.com","2020-03-11T18:00:00Z","","Scientificamerican.com","Floating Panels Buoy Predictions of Global Solar Growth Spurt","https://www.scientificamerican.com/article/floating-panels-buoy-predictions-of-global-solar-growth-spurt/","https://static.scientificamerican.com/sciam/cache/file/14638777-7276-444A-B343E9BE00CD27E2.jpg"
"Lee Billings","The universe in which the classic PBS series Cosmos debuted 40 years ago no longer really exists. In 1980 the Internet was in its infancy, scientists were just starting to sound the alarm about global warming, and present-day scientific realities such as exop… [+498 chars]","Cosmos co-creator discusses communicating her dream for humanity -- Read more on ScientificAmerican.com","2020-03-03T14:00:00Z","","Scientificamerican.com","Ann Druyan Is Reimagining the Future","https://www.scientificamerican.com/article/ann-druyan-is-reimagining-the-future/","https://static.scientificamerican.com/sciam/cache/file/BC7C46F4-04A6-49A9-B630A3CF089A1D2F.jpg"
"Scott Waldman, E&E News","In selecting Rep. Mark Meadows of North Carolina to serve as his next chief of staff, President Trump is bringing into the White House a Republican lawmaker who has raised concerns about climate change and expressed a desire to do something about it.\\n\\nThe app… [+6151 chars]","While he opposed the Paris climate agreement, Rep. Mark Meadows has signaled support for renewables and a possible carbon tax -- Read more on ScientificAmerican.com","2020-03-10T17:45:00Z","","Scientificamerican.com","Trump's Next Chief of Staff Is Open to Doing More on Climate","https://www.scientificamerican.com/article/trumps-next-chief-of-staff-is-open-to-doing-more-on-climate/","https://static.scientificamerican.com/sciam/cache/file/C93573B5-7C91-48C6-A3CE92E4E1B50A6C.jpg"
"Chelsea Harvey, E&E News","Enormous, swirling gyres compose some of the world’s biggest and most important ocean currents. Found in the North and South Pacific, the North and South Atlantic, and the Indian Ocean, these massive, rotating currents help transport heat and nutrients around… [+4072 chars]","The shift, which may be linked to climate change, can affect sea levels and the distribution of heat and nutrients -- Read more on ScientificAmerican.com","2020-02-28T17:30:00Z","","Scientificamerican.com","The Ocean's Swirling Currents Are Migrating Poleward","https://www.scientificamerican.com/article/the-oceans-swirling-currents-are-migrating-poleward/","https://static.scientificamerican.com/sciam/cache/file/A0718230-A4ED-4727-92A96C4B8FA22672.jpg"
"Nathanial Gronewold, E&E News","Smoke from Australia’s disastrous bush fires killed hundreds of people and sent thousands to hospitals and emergency rooms, according to a new study.\\n\\nThe estimated death toll does not include fatalities resulting directly from the flames that spread across m… [+2005 chars]","Exposure to particulate matter led to heart and lung problems for thousands -- Read more on ScientificAmerican.com","2020-03-24T17:30:00Z","","Scientificamerican.com","Smoke from Australia's Bushfires Killed Hundreds","https://www.scientificamerican.com/article/smoke-from-australias-bushfires-killed-hundreds1/","https://static.scientificamerican.com/sciam/cache/file/D80CA9DF-EAB1-4238-9C8AF68654AFAC43.jpg"
"Chelsea Harvey, E&E News","The notorious Antarctic “ozone hole” sparked worldwide concern after its discovery in the 1980s, and for good reason — declining ozone allows harmful ultraviolet radiation to reach the Earth’s surface, a major threat to public health.\\n\\nBut the ozone hole had … [+5067 chars]","The Southern Hemisphere jet stream is shifting, bringing more rain to some spots and less to others -- Read more on ScientificAmerican.com","2020-03-26T17:30:00Z","","Scientificamerican.com","Shrinking Ozone Hole, Climate Change Are Causing Atmospheric ""Tug of War""","https://www.scientificamerican.com/article/shrinking-ozone-hole-climate-change-are-causing-atmospheric-tug-of-war/","https://static.scientificamerican.com/sciam/cache/file/6DB2493F-3543-45C1-8E08C2CEB23BC4C8.jpg"
"Wade Roush","Ocean water expands as it soaks up heat from a warming atmosphere. Add in water from melting glaciers and ice sheets, and the global mean sea level will most likely rise by anywhere from 1.4 to 2.8 feet (43 to 84 centimeters) by 2100, according to the Intergo… [+3715 chars]","Failing to protect our coasts from sea-level rise would cost vastly more -- Read more on ScientificAmerican.com","2020-03-13T13:00:00Z","","Scientificamerican.com","Pricey Storm-Surge Barriers May Be Worth It","https://www.scientificamerican.com/article/pricey-storm-surge-barriers-may-be-worth-it/","https://static.scientificamerican.com/sciam/cache/file/87C01B5E-9F48-4FDC-BD256AA4F62F0E93.jpg"
"John Fialka, E&E News","Companies in the U.S. natural gas industry have begun to scale up a program to sell methane that’s recycled from sources like hog-feeding farms and sewage plants as a replacement for natural gas drawn from wells.\\n\\nIt offers an opportunity to reduce a potent g… [+9272 chars]","Methane can be captured from human and animal waste and energy and heating -- Read more on ScientificAmerican.com","2020-03-06T18:00:00Z","","Scientificamerican.com","Gas Companies Want to Recycle Your Manure","https://www.scientificamerican.com/article/gas-companies-want-to-recycle-your-manure/","https://static.scientificamerican.com/sciam/cache/file/B596CD51-B4DC-457B-8B36ABD760C2C585.jpg"
"Alex Lubben, VICE News","Want the best of VICE News straight to your inbox? Sign up here.\\n\\nEurope had, by far, its hottest winter on record this year. \\n\\nWhen temperature records are broken, its usually by a sliver of a degree. But this winter, Europe was hotter by a whopping 6.12 deg… [+2721 chars]","In Germany, the grapes used for ice wine never even froze.","2020-03-05T18:34:26Z","vice-news","Vice News","Buongiorno, It Was Really Hot in Europe This Winter","https://www.vice.com/en_us/article/wxe7nm/buongiorno-it-was-really-hot-in-europe-this-winter","https://video-images.vice.com/test-uploads/articles/5e6135f303a008009d200ab1/lede/1583429582683-AP_20017531734507.jpeg?crop=1xw:0.819518236645606xh;center,center&resize=1200:*"
"Geoff Dembicki, Harry Cheadle","Two people who were central to creating the 2015 Paris agreement have written a step-by-step guide for what you can personally do to fix the climate emergency. It includes such tips as setting aside time each day to do a ""breathing exercise of gratitude,"" cul… [+9854 chars]","Christiana Figueres' new book, 'The Future We Choose,' showcases the kind of climate activism rich people love.","2020-02-27T15:27:12Z","vice-news","Vice News","The Architect of the Paris Agreement Wants Us to Forgive… Oil Executives?","https://www.vice.com/en_us/article/4ag7dq/the-architect-of-the-paris-agreement-wants-us-to-forgive-oil-executives","https://video-images.vice.com/test-uploads/articles/5e57d96e2e0d32009bf27648/lede/1582816024452-ARC_Getty_170408973_Businessman_in_private_jet_with_drink_VICE_RF.jpeg?crop=1xw:0.8425xh;0xw,0.1511xh&resize=1200:*"
"https://www.facebook.com/bbcnews","Image copyrightGetty ImagesImage caption\\n\\n Investors are facing scrutiny like never before\\n\\nEver wondered if your bank or insurance company is funding the coal industry? Or whether your pension fund is backing oil companies drilling new wells in the Arctic?\\n\\n… [+3312 chars]","Investors are facing scrutiny like never before about what they're doing to tackle climate change.","2020-02-27T09:55:14Z","bbc-news","BBC News","Climate change: Pressure on big investors to act on environment","https://www.bbc.co.uk/news/science-environment-51657829","https://ichef.bbci.co.uk/news/1024/branded_news/7F73/production/_110872623_bp.jpg"
"https://www.facebook.com/bbcnews","Media captionWhy is Antarctica's mighty Thwaites Glacier melting?\\n\\nEarth's great ice sheets, Greenland and Antarctica, are now losing mass six times faster than they were in the 1990s thanks to warming conditions.\\n\\nA comprehensive review of satellite data acq… [+4108 chars]","The Earth's great ice sheets are losing mass six times faster today than they were in the 1990s.","2020-03-12T04:34:41Z","bbc-news","BBC News","Greenland and Antarctica ice loss accelerating","https://www.bbc.co.uk/news/science-environment-51846468","https://ichef.bbci.co.uk/images/ic/1024x576/p081srz8.jpg"
"Kemal Derviş, Sebastián Strauss","Throughout history, crisis and human progress have often gone hand in hand. While the growing COVID-19 threat could strengthen nationalism and isolationism and accelerate the retreat from globalization, the outbreak also could spur a new wave of international… [+6860 chars]","Both threats raise the question of how the world should organize itself against the threat of pandemics.","2020-03-07T16:58:06Z","","Marketwatch.com","Project Syndicate: Amid rise of nationalism, coronavirus and climate change may spur a new wave of international cooperation","http://www.marketwatch.com/story/amid-rise-of-nationalism-coronavirus-and-climate-change-may-spur-a-new-wave-of-international-cooperation-2020-03-07","https://s.marketwatch.com/public/resources/images/MW-IB736_corona_ZH_20200307114308.jpg"
